Quotable,
none,
Trimmer,
none,
none,
Most downloads,
none,
none,
Most adds,
Most comments,
First comment,
Bird,
none,
none,
Zero,
none,
none,
none,
none,
none,
none,
none,
none,
One,
Two,
Three,
Four,
Five,
Six,
Seven,
Eight,
Nine,
none,
none,
none,
Traveler,
Explosive,
none,
Most downvotes,
First contribution,
none,
none,
none,
none,
none,
Most upvotes,
none,
none,
none,
Workaholic,
Butterfly,
none,
none,
none,
none,
Originator,
Check,
none,
Clock,
Collaborator,
none,
none,
none,
none,
none,
none,
none,
none,
Fish,
Flower,
Person,
none,
Great,
Vocal,
High five,
Footprint,
none,
none,
Admin,
none,
Leaf,
Bright idea,
Good idea,
none,
none,
none,
Member,
none,
Problem solver,
none,
Discussion starter,
none,
none,
none,
none,
Big star,
none,
none,
Uh oh,
none,
none,
none,
X,
none,
none,
Snowflake,
Gold star,
Sun,
none,
none,
none,
none,
Spider,
Gift,
Grammer master,
Info,
none,
none,
none,
none,
none,
Time,
none,
none,
none,
none,
none,
Gold square,
Flag,
none,
Drop,
none,
none,
none,
none,
none,
none,
none,
none,
none
